McLocalizer fixing commit,Fixing check,Bug scope
b8cbc9c6aae5c9ba8fbb9974008490d6b9b56cbd,,
02dd5f62ac04882975cfb13de8618887d1bdf75e,,
03fb30b7edcf9541e70c56c5424afc9fd826efa4,,
455ee2ba9c638954e8af58320b7ecb52fd969b3d,,
5b9fa7febda6a77a2db30a8e5d81967858f9dd56,,
306543734d4d02925a10ad1c68daa69c4f4ea630,,
f7bae0d11495f12ab2f9d7ddc1c3508219ec109a,,
6abb76d01b678e4df62a5a79f773747bf5c3bf2a,,
bd9c7b620384fe5a98772729001ed56304459bc6,,
d5501d9945b0bd222b279dd1a9a98fcb1d6f9c70,,
9cfa692f71edd187e8b5167c06cc54c51e95323a,,
0750653dfc4b0e05e0ea375f9a11246c087baf0c,,
6d38965a1e0a3a61435b9bebc91ff1ba0a64013a,,
508e3c2338c65a98b4a372e26bd45d2ee47c5f89,,
cbf615304f21c433b4174f9b395b6513edd1f5b9,,
f9c107635f118bc67c6a0532302a37eca150f2c9,,
b48f332e61de5365ccc76ee2127a77bf808d7eff,,
efefb736fccc2039b5fb079710b3f2ac82b8c6e4,,
0a709d3467bc5513cf1650339994d90f7f1ac891,,
5588adc1eda85ad078b700f7f2e3b64e7d793620,,
3d2e6feab2bdaa8759c7d19fc31f4e589ef0d579,,
48983195c3c1639b276f1d6279e790aa18bb5e66,,
d90e6ffb441ffa028313a9fffb7666eab8c62793,,
91dbb31cbf778c44b65c664e7f63ffcc9b6418c5,,
cfe27a7f9d8c8016f8710351b49418907cf26823,,
66527dd399f7142edc491037b4488b158073ae55,,
9cad29bba472becff9b5450fc336feb96fe36d66,,
cfb86dc6888524c4c02d2bc5f07a2ee8c8fdc5e0,,
d728e389df6eaac1db02e61746394260fea376bd,,
d98f48f1981623aac423b991b1c8c988aba83070,,
be7c3f2f02e3eb2ad0153ebdff8b8d4fbafa8567,,
7db0af381b096a916351b5bb3570154b03b5cc77,,
ffe07f8c307c6b421cead64229eddb3602369f44,,
5a1ffbe7af5c4d299791b6eeffa99cff8ebeb8d6,,
48aea0ff7d027507362007415963a4b662fb10a7,,
03cde058557e085667294b00b306c37ab83eabf7,,
e609670bb56e0c7216c9476a5f6a5594e7f1acdb,,
0f2afb67e0cbc463ae7aebb1f41c8aa71014d68b,,
bc3e3a494c406098064ee63487f9bfafcf3354f3,,
58e890f83449063f93c141ab830692e730ca37ee,,
c2cae4041b456d68112640ecca306309d549f6db,,
f0e3cbc250fd9536ff92119bdf5e1a62120a7fac,,
2a2e7a25c30bdbff7c47fce9c30bf68d748dffeb,,
f42e3e4ac6273bf9f25392b34de24672e5d56883,,
b6587e0b5c0b9c69a8eeca8347229cd356643ab9,,
2d0aac92183a4b6bac01d67cfe0114ab96bd908c,,
7024b68120613b54bc78b18e7e3d90050f3c0e55,,
d34e8be041cb7fbdfa1f45f663de15396e3ce13a,,
b908a46db6ca7cfde4569adf4133f63959aead87,,
572987703098023a5fc1a15f2a75b83c50e986db,,
09dd7e384177bf28c0d9faaff27836b3209efee9,,
e045f64a90ef082d1c6b74a417164334b1a94b10,,
536898016d1c3ea1fc13e6ddc44b9aac01c98650,,
c0face2a48665e46f4829f54ee24cfa4cf8d4589,,
58e612c4cd6a7d39ce5c3b1dd54d72af361e4943,,
8c3268cd71afe9a222ab6b3ee4dda6ca9e70e1bb,,
39093ab5c9f88dc17a52b57a2d05f4ee60ad7580,,
6a402120a11829b98fc1c5039be0dcb0bcf7a6a7,,
d8b611311358d431affd8a3ef03650bb3ebfaf57,,
62d5114975373fb0b70d23eba70288d8ada4aa20,,
cb88c48427ac126a0eb480b36fa2698d5b90821f,,
646a50188300dedfb8a8022adc2681ac846e44be,,
227625182a4754c01565b4a6ca469f9c9daec42a,,
d8cfecf696919c717bff63b65a8758957c4868b0,,
7f6700e2b54af3af409f3e8851a0d98a72beef4b,,
514ebffc40b0f66528199112457e2aa22f8c46db,,
8a1cb362aa9c37b014754d118ebc385e2eb1359e,,
24eeec5031478b1f6177bfa3768112232b5e0114,,
cd556c28b834183d23b7383deef42e3db8c9a379,,
df0eed65546f07b1c2913dbab3e48873e93631a6,,
ce3d3a25ce64d15e967cdc9e191072071872e8c7,,
5fde503a0846406893ebdfdc04388875ea423d81,,
e6f55d83739cc394b2a3561ba2f24ff86d3e9c42,,
b7d811963623aa80cb67ac1f84fa53c545f86816,,
d2c1957848f8a77194335eb9d3d587470c2c51f2,,
929ba03a950b1dfcd60762f954e4833f433cc1d4,,
957940e4bcab1f82627d1aebb0b65f56cc89b786,,
70a49d6f1ca0ffc1e4e6049227585648239b04f9,,
2fae552711d1e3f3034831f2207ba2d16f97e4af,,
16f7df6d709bab93c3beedf6e27dd5c4dd10fe21,,
88d1ed503c0cf73774ea7f225083db7c0e242cce,,
c90c078fa6cd7cf35dc6610d436d846ddc4b40c3,,
37a4ffcd30f42564590033da200fe68f58b3efa2,,
ac19407b70d7af38d568d29af96bc51f0a877b99,,
45fd54a488cfbf27978fc4811a722f1fedb8ddaa,,
f39bbdd39c9ec2136f0a58a677bd2fdae77075a2,,
2d7219440693cb3ed5d7bd07c6c17c4cebf228f0,,
55e3c557a2d9aae7cffefdad42140911130c8551,,
4b01b7892b98d31b16e498e717f7c6cefc9a3bd7,,
3395eb68a19a8492196df62fb9e38c814de80f08,,
7aca9cf8f9faf78cb906ae6c877f920092b50f2c,,
2d5995b559fed67fb6f9a45ca9274540de0a04e2,,
5f66d4911e6cf94b2787e41e66918540608d3183,,
6f8abaabc7cba66818a6e6533ef98d4884b9ff95,,
8ee28576c9729aa0c15b1ae469a2b811702388c3,,
2f81505f11410bec924c1b3aaec3bae5a2aaad71,,
97aab3558cf1ddafd9c97033cb4dc4f54f6e2fb5,,
9b0a0602ac52f69f42120d9856ce8b80364f2378,,
ae3d787e6dc49b2930adbdd0026d1535ff250415,,
0fb76a81bbdd8ab84a00b8be2099abfb83c88668,,
